id,name,price,description
1,Infiniti,459.6,Organic bandwidth-monitored project
2,Ford,7916.34,Operative asynchronous strategy
3,BMW,3223.4,Operative foreground forecast
4,Subaru,9688.19,Customer-focused static strategy
5,Hyundai,3179.9,Cross-platform composite throughput
6,Mazda,4405.55,Assimilated static utilisation
7,Toyota,1897.98,Multi-channelled attitude-oriented array
8,Ford,3957.99,Optional eco-centric analyzer
9,Pontiac,9476.04,Advanced uniform ability
10,Hyundai,8002.08,Multi-channelled mobile encoding
11,Saab,2382.78,De-engineered non-volatile knowledge user
12,Suzuki,8267.64,Sharable static synergy
13,GMC,6641.78,Versatile value-added methodology
14,Maserati,1404.17,Function-based foreground analyzer
15,Bentley,9797.57,Intuitive multi-tasking array
16,Volkswagen,7311.55,Customer-focused exuding ability
17,Mitsubishi,4562.99,Intuitive holistic support
18,Oldsmobile,2719.89,Pre-emptive directional moratorium
19,Rolls-Royce,708.53,Expanded regional standardization
20,Nissan,4210.22,Quality-focused systematic complexity
21,Acura,8375.1,Progressive user-facing product
22,Land Rover,6927.78,Adaptive holistic conglomeration
23,Land Rover,6069.67,Focused bottom-line algorithm
24,BMW,6429.02,Versatile multimedia secured line
25,Mercedes-Benz,2974.9,Realigned exuding secured line
26,Chevrolet,4445.73,Monitored global groupware
27,Pontiac,8411.54,Balanced empowering leverage
28,Porsche,7643.18,Compatible non-volatile orchestration
29,Toyota,696.52,De-engineered zero defect architecture
30,Buick,8342.38,Digitized bandwidth-monitored access
31,Spyker,1894.21,Right-sized holistic algorithm
32,Plymouth,3440.38,Ergonomic background support
33,Dodge,7875.43,Cross-group client-server neural-net
34,BMW,5159.69,Assimilated mobile website
35,Honda,1427.8,Organized content-based ability
36,Mazda,5409.46,Programmable contextually-based extranet
37,Chevrolet,3561.63,Synergized attitude-oriented protocol
38,Pontiac,3594.02,Integrated composite forecast
39,Mercedes-Benz,2925.61,Phased well-modulated function
40,Chrysler,4652.99,Assimilated fault-tolerant intranet
41,BMW,4431.05,Grass-roots object-oriented methodology
42,Nissan,5342.95,Expanded upward-trending architecture
43,Toyota,8419.1,Switchable optimal ability
44,Suzuki,5621.08,Reduced bandwidth-monitored function
45,Mazda,9112.23,Expanded dynamic concept
46,Nissan,8851.29,Balanced optimal pricing structure
47,Subaru,5245.49,Polarised impactful throughput
48,Pontiac,6181.74,Multi-channelled transitional complexity
49,Audi,3392.96,Reactive full-range alliance
50,Bentley,7223.09,Pre-emptive mission-critical matrix
51,Mercedes-Benz,9170.53,Ergonomic impactful focus group
52,Ford,4952.43,Intuitive full-range definition
53,Ford,1039.96,Business-focused grid-enabled complexity
54,Subaru,5744.9,Optimized systematic encoding
55,Jeep,7385.07,Expanded optimal secured line
56,Hyundai,2752.82,Cross-group needs-based success
57,Toyota,6997.8,Persevering intermediate time-frame
58,Jaguar,6084.46,Fully-configurable exuding task-force
59,Acura,9916.19,Synchronised attitude-oriented pricing structure
60,Acura,9837.42,Distributed system-worthy synergy
61,Honda,9433.85,Advanced reciprocal monitoring
62,Hyundai,3382.81,Robust interactive info-mediaries
63,Lexus,374.54,Optimized even-keeled portal
64,Ford,8390.82,Optimized multi-state workforce
65,Lotus,3493.05,Exclusive national process improvement
66,Acura,2969.56,Business-focused modular workforce
67,Toyota,8096.18,Seamless optimizing adapter
68,Suzuki,1369.51,Adaptive optimizing pricing structure
69,Dodge,5450.49,Down-sized multi-tasking protocol
70,Dodge,3894.5,Monitored motivating complexity
71,BMW,9478.65,Right-sized system-worthy adapter
72,Ford,5693.81,Upgradable full-range policy
73,Dodge,5530.74,Implemented object-oriented knowledge base
74,Buick,4892.96,Customer-focused dynamic capability
75,Mercury,1094.15,Advanced web-enabled frame
76,BMW,4949.56,Pre-emptive logistical hardware
77,Chrysler,4902.4,Total attitude-oriented flexibility
78,Lamborghini,6151.23,Exclusive leading edge monitoring
79,Saturn,5991.49,Profound neutral orchestration
80,Chrysler,3866.39,Ergonomic tangible budgetary management
81,Aston Martin,4606.81,User-friendly leading edge implementation
82,Volvo,4409.21,Universal object-oriented neural-net
83,Aston Martin,3790.21,Seamless web-enabled info-mediaries
84,Mazda,9605.98,Profit-focused value-added benchmark
85,Chevrolet,8931.11,Implemented 6th generation time-frame
86,Lotus,4744.36,Total didactic productivity
87,Mitsubishi,2032.29,Business-focused bi-directional website
88,Kia,3077.41,Down-sized motivating structure
89,Geo,1107.0,Focused discrete concept
90,Porsche,2049.82,Distributed uniform internet solution
91,GMC,1198.0,Adaptive foreground data-warehouse
92,Maserati,4196.0,Synchronised disintermediate firmware
93,Honda,3708.93,Public-key systemic help-desk
94,GMC,8617.24,Streamlined leading edge extranet
95,Subaru,8156.98,Managed impactful open architecture
96,Bentley,4593.3,Innovative static intranet
97,Dodge,9385.95,Expanded secondary help-desk
98,Audi,3343.41,Fully-configurable interactive flexibility
99,Subaru,5846.87,Multi-channelled coherent leverage
100,Mercury,9000.78,Reverse-engineered upward-trending project
101,Dodge,1772.58,Reverse-engineered zero defect parallelism
102,Chrysler,7218.33,Public-key discrete customer loyalty
103,Honda,5717.91,Adaptive object-oriented info-mediaries
104,BMW,9729.75,Optimized global flexibility
105,Ford,8767.29,Persistent maximized secured line
106,Mercedes-Benz,9259.97,Re-contextualized encompassing success
107,Saturn,3880.37,Stand-alone composite time-frame
108,Lotus,5672.96,Organized directional attitude
109,Lexus,7815.65,Adaptive zero administration intranet
110,Subaru,9766.59,Total scalable budgetary management
111,BMW,4956.06,Distributed national solution
112,Aston Martin,7536.98,Re-contextualized cohesive moderator
113,Toyota,8971.37,Phased real-time matrices
114,Honda,1037.19,Right-sized bi-directional extranet
115,Mercury,9814.47,Inverse multi-state local area network
116,Toyota,156.92,Assimilated 6th generation adapter
117,Acura,7170.27,Phased radical support
118,Chevrolet,7255.02,Integrated responsive functionalities
119,Subaru,7859.67,Automated content-based synergy
120,Acura,4455.43,Cross-group solution-oriented monitoring
121,Mitsubishi,4388.94,Diverse 5th generation open system
122,Lexus,1453.27,Triple-buffered neutral circuit
123,Chevrolet,4954.3,Persevering multi-state initiative
124,Porsche,8304.63,Reverse-engineered next generation moratorium
125,Chevrolet,3004.88,Multi-channelled user-facing benchmark
126,Mitsubishi,8175.34,Profit-focused human-resource time-frame
127,Audi,6473.38,Open-architected cohesive process improvement
128,Lincoln,1875.28,Open-source zero tolerance toolset
129,Mitsubishi,7662.23,Fundamental grid-enabled artificial intelligence
130,Chevrolet,2155.96,Advanced solution-oriented definition
131,Dodge,8724.65,Robust regional infrastructure
132,Saab,7794.04,Stand-alone mobile protocol
133,Chevrolet,4377.16,Compatible content-based function
134,Ford,9722.38,Customizable coherent toolset
135,Mercedes-Benz,6512.21,Distributed national encryption
136,Hyundai,1945.1,Persistent asynchronous strategy
137,Volkswagen,6563.81,Operative incremental pricing structure
138,Volvo,5576.74,Digitized client-server protocol
139,Audi,9891.69,Versatile demand-driven firmware
140,Mercedes-Benz,7743.88,Quality-focused human-resource collaboration
141,Mazda,7461.66,Advanced bandwidth-monitored framework
142,Nissan,9877.95,Organic value-added architecture
143,GMC,4419.35,Synchronised clear-thinking utilisation
144,Chevrolet,9210.63,User-centric human-resource middleware
145,Cadillac,6938.6,Reverse-engineered cohesive capacity
146,Hyundai,8218.49,Business-focused multimedia project
147,GMC,6677.51,Ameliorated system-worthy flexibility
148,Oldsmobile,4648.38,Programmable motivating Graphical User Interface
149,Lincoln,2993.47,Balanced multimedia artificial intelligence
150,Ford,1501.96,Polarised hybrid software
151,Mitsubishi,2905.47,De-engineered transitional extranet
152,Pontiac,816.28,Expanded 24/7 hub
153,Audi,1069.89,Organized transitional frame
154,Hyundai,606.59,Down-sized optimal process improvement
155,Oldsmobile,2100.25,Progressive impactful task-force
156,Lexus,8943.25,Operative needs-based installation
157,Pontiac,4292.41,Secured transitional capability
158,Volvo,8659.56,Secured asymmetric core
159,Volkswagen,5556.75,Function-based 24 hour adapter
160,Pontiac,8313.27,Business-focused non-volatile capacity
161,Mazda,3366.62,Cross-group national utilisation
162,Bentley,2033.0,Advanced content-based help-desk
163,Mitsubishi,4786.99,User-centric 5th generation moderator
164,Mazda,1470.64,Progressive leading edge time-frame
165,Dodge,8388.49,Reverse-engineered fault-tolerant capacity
166,Saturn,2018.63,Multi-layered dynamic project
167,Subaru,5211.48,Phased actuating secured line
168,Dodge,653.15,Re-engineered holistic policy
169,Nissan,9265.08,Mandatory 6th generation array
170,Dodge,5379.53,Phased didactic migration
171,Hyundai,5945.84,Persistent regional benchmark
172,Kia,3169.64,Up-sized hybrid definition
173,Chevrolet,5791.6,Organic even-keeled application
174,Lexus,4149.72,Integrated cohesive hierarchy
175,Oldsmobile,7548.15,Open-architected demand-driven internet solution
176,Kia,2642.97,Exclusive national application
177,Audi,1471.52,Enhanced cohesive functionalities
178,Rolls-Royce,7350.58,Sharable motivating groupware
179,Volvo,936.74,Centralized human-resource knowledge user
180,Chrysler,3364.19,Distributed object-oriented core
181,Toyota,3913.2,Networked scalable emulation
182,Pontiac,9024.82,Re-contextualized clear-thinking implementation
183,Nissan,3138.9,Ameliorated clear-thinking infrastructure
184,Dodge,5914.63,Operative incremental productivity
185,Ford,2331.25,Virtual logistical concept
186,Bentley,8211.88,Devolved systemic secured line
187,GMC,1304.39,Sharable explicit productivity
188,Toyota,240.45,Innovative secondary approach
189,Honda,2493.9,Triple-buffered 24 hour task-force
190,Oldsmobile,6146.93,Team-oriented full-range service-desk
191,Suzuki,8428.17,Advanced asymmetric artificial intelligence
192,Toyota,7254.69,Sharable asynchronous budgetary management
193,Cadillac,8308.17,Implemented upward-trending approach
194,Lincoln,758.19,Monitored systemic budgetary management
195,Nissan,2526.06,Phased analyzing firmware
196,Ford,5795.37,Robust local initiative
197,Mazda,2738.0,Distributed object-oriented product
198,Ford,6080.28,Front-line dynamic archive
199,Porsche,8080.37,Extended dedicated focus group
200,Volkswagen,630.32,De-engineered bi-directional frame
201,Saturn,4016.48,Team-oriented high-level success
202,Mitsubishi,1667.97,Visionary 5th generation frame
203,Land Rover,7079.46,Enhanced discrete project
204,Mazda,2603.25,Sharable needs-based help-desk
205,Lincoln,6741.49,Exclusive 6th generation application
206,Mitsubishi,3576.91,Realigned tertiary projection
207,Mazda,4881.38,Vision-oriented motivating productivity
208,Aston Martin,7291.27,Diverse modular architecture
209,Lexus,6948.54,Grass-roots bifurcated portal
210,Buick,7145.02,Adaptive real-time instruction set
211,Kia,5685.01,Advanced transitional open architecture
212,Acura,8746.95,Integrated logistical groupware
213,Chevrolet,5988.95,Upgradable 4th generation groupware
214,Chevrolet,5696.58,Robust even-keeled artificial intelligence
215,Volvo,922.84,Networked upward-trending portal
216,Ford,3905.08,Profit-focused mobile model
217,Cadillac,3947.92,Synergized heuristic encoding
218,GMC,7837.76,Realigned mobile collaboration
219,Corbin,4611.45,Versatile bottom-line workforce
220,Mazda,7177.6,Reduced intangible model
221,Acura,7856.34,Down-sized object-oriented challenge
222,Chevrolet,8669.75,Polarised 24 hour success
223,Porsche,1624.47,Programmable directional core
224,GMC,4572.99,Persevering next generation definition
225,GMC,8547.88,Centralized intangible groupware
226,BMW,2761.09,Fully-configurable human-resource alliance
227,Volvo,7213.14,Integrated reciprocal migration
228,Aston Martin,3955.08,Face to face user-facing infrastructure
229,Chevrolet,8426.64,Decentralized incremental database
230,Chrysler,1989.3,Synchronised even-keeled middleware
231,Suzuki,1619.02,Function-based context-sensitive open architecture
232,Mercury,7745.93,Cloned 24 hour standardization
233,Chevrolet,9812.79,Integrated multi-state internet solution
234,Nissan,1743.14,Streamlined foreground groupware
235,Dodge,1077.41,Synchronised dynamic open system
236,Nissan,6033.73,Secured tangible instruction set
237,Kia,3736.64,Progressive system-worthy software
238,Dodge,7520.16,Proactive exuding product
239,Dodge,9548.39,Organized secondary contingency
240,Audi,2315.56,Virtual client-driven archive
241,Ford,500.56,Phased transitional open system
242,Saturn,8685.44,Cloned mobile conglomeration
243,Lexus,652.01,Total explicit capability
244,Lincoln,5974.82,Switchable fault-tolerant instruction set
245,Volvo,1466.88,Organized value-added productivity
246,Volvo,9876.59,Secured interactive open system
247,Honda,6443.8,Versatile systemic forecast
248,Cadillac,8354.14,Down-sized system-worthy website
249,Ford,5513.34,Function-based context-sensitive productivity
250,Chrysler,2736.9,Innovative contextually-based definition
251,Isuzu,4641.82,Phased encompassing utilisation
252,Subaru,4909.88,Persistent zero tolerance artificial intelligence
253,Nissan,2805.64,Enterprise-wide coherent contingency
254,Mazda,4265.52,Pre-emptive leading edge middleware
255,Audi,8178.16,Pre-emptive tangible capacity
256,Toyota,2482.38,Open-architected optimal moderator
257,Dodge,9820.62,Right-sized content-based success
258,Plymouth,2415.15,Mandatory multimedia conglomeration
259,Buick,6650.75,Mandatory zero tolerance forecast
260,Plymouth,6067.31,Vision-oriented eco-centric core
261,Pontiac,3526.7,Adaptive well-modulated instruction set
262,Saturn,300.59,Front-line system-worthy projection
263,Mitsubishi,287.3,Mandatory reciprocal circuit
264,Mitsubishi,2280.83,Grass-roots scalable policy
265,Mercedes-Benz,5053.98,Inverse logistical process improvement
266,Cadillac,5647.64,Public-key reciprocal alliance
267,Saab,9647.7,Integrated 6th generation methodology
268,Jaguar,6824.07,Exclusive zero administration support
269,Chrysler,7678.25,Object-based analyzing matrices
270,Pontiac,4648.76,Universal real-time contingency
271,Lincoln,7179.65,Compatible asymmetric toolset
272,Chevrolet,1163.25,Mandatory reciprocal architecture
273,GMC,281.31,Automated hybrid strategy
274,Saab,279.51,Total zero tolerance contingency
275,Buick,4222.17,Profit-focused hybrid help-desk
276,Buick,3289.09,Centralized zero tolerance circuit
277,Maybach,4870.47,Triple-buffered analyzing productivity
278,Honda,7295.1,Balanced regional extranet
279,Saturn,292.34,Expanded client-server encryption
280,Buick,2407.03,Compatible well-modulated functionalities
281,Chevrolet,3336.95,Programmable modular adapter
282,Audi,9922.35,Focused grid-enabled website
283,Nissan,7829.38,Customizable systematic monitoring
284,Mercedes-Benz,9342.36,Team-oriented explicit project
285,Isuzu,6270.57,Cloned bi-directional process improvement
286,Mazda,7733.38,Compatible client-server encryption
287,Mitsubishi,3712.58,Organized high-level extranet
288,Suzuki,6345.25,Extended empowering complexity
289,Dodge,9641.7,Realigned explicit protocol
290,Ford,3318.19,Adaptive clear-thinking throughput
291,Toyota,595.16,Distributed foreground policy
292,Nissan,9973.06,Innovative national process improvement
293,Land Rover,8483.46,Grass-roots empowering infrastructure
294,Dodge,9061.81,Triple-buffered composite function
295,Ford,6192.37,Optional cohesive hierarchy
296,Mitsubishi,715.89,Implemented attitude-oriented matrices
297,Ford,8904.03,Progressive human-resource installation
298,Mercedes-Benz,3331.97,Programmable motivating internet solution
299,Lexus,776.38,Streamlined human-resource contingency
300,Lexus,2605.81,Reduced multi-tasking conglomeration
301,Pontiac,5732.93,Versatile asynchronous orchestration
302,Jaguar,5714.67,Cross-platform exuding help-desk
303,Mazda,6253.61,Multi-lateral tangible throughput
304,Mercury,1177.94,Profound exuding process improvement
305,Mercedes-Benz,2737.29,Automated bi-directional analyzer
306,Toyota,7448.26,Cross-group background Graphic Interface
307,Hyundai,8549.75,Business-focused client-driven orchestration
308,Dodge,9492.7,Multi-tiered neutral monitoring
309,Jaguar,5324.46,Face to face composite utilisation
310,GMC,1394.82,Profit-focused foreground array
311,Chevrolet,293.68,Digitized discrete collaboration
312,Lexus,5200.86,Multi-tiered next generation frame
313,Nissan,8921.73,Proactive 24/7 core
314,Toyota,9275.32,Stand-alone secondary hub
315,Kia,8977.28,Triple-buffered 24 hour structure
316,Chevrolet,9802.09,Face to face neutral standardization
317,Mitsubishi,1047.83,Decentralized 5th generation leverage
318,Suzuki,5665.15,Balanced global policy
319,GMC,9125.38,Business-focused methodical orchestration
320,GMC,9915.32,Fundamental composite solution
321,Ford,7911.92,Focused coherent challenge
322,Nissan,7667.58,Re-contextualized holistic parallelism
323,GMC,2143.8,Devolved actuating emulation
324,Scion,1719.26,Profound local system engine
325,Lincoln,8925.48,Re-contextualized composite secured line
326,Chevrolet,958.68,Function-based 24/7 infrastructure
327,Pontiac,7642.94,Distributed cohesive initiative
328,Suzuki,3748.98,Inverse optimizing instruction set
329,Subaru,3337.96,Cloned well-modulated orchestration
330,Buick,2859.2,Implemented needs-based emulation
331,Cadillac,8221.04,Diverse homogeneous definition
332,Mitsubishi,5006.63,Profound intangible projection
333,Chevrolet,3036.02,Mandatory encompassing toolset
334,Kia,8230.41,Universal motivating collaboration
335,Chevrolet,5683.13,Progressive global database
336,GMC,5479.96,Configurable radical moderator
337,Dodge,2231.17,Exclusive holistic portal
338,Jeep,3125.37,Devolved optimal concept
339,Mitsubishi,2524.66,Function-based bandwidth-monitored definition
340,Mazda,1065.82,Fundamental 24 hour hub
341,Volkswagen,5489.05,Phased hybrid matrices
342,Volkswagen,3736.35,Intuitive national concept
343,Isuzu,1972.99,Face to face next generation projection
344,Honda,7227.13,User-friendly motivating software
345,Ford,4388.87,Organized responsive utilisation
346,Scion,2365.98,Upgradable motivating knowledge user
347,Nissan,3444.62,Progressive fault-tolerant extranet
348,Buick,6849.15,Team-oriented value-added implementation
349,Buick,3406.68,Balanced 24/7 internet solution
350,Toyota,1822.46,Streamlined needs-based interface
351,Pontiac,444.3,Implemented contextually-based complexity
352,Buick,4892.74,Fundamental zero tolerance software
353,Plymouth,9186.86,Reverse-engineered tangible budgetary management
354,Volvo,1275.07,Sharable 24 hour instruction set
355,Chevrolet,1499.97,Quality-focused zero defect framework
356,Chevrolet,4758.35,User-friendly systematic matrices
357,GMC,4403.85,Expanded homogeneous throughput
358,Subaru,5035.12,Assimilated systematic conglomeration
359,Mercury,8198.49,Future-proofed radical capacity
360,Plymouth,6159.3,Optimized bandwidth-monitored functionalities
361,Acura,3054.06,Advanced needs-based moderator
362,Pontiac,844.88,Expanded grid-enabled open system
363,GMC,7677.19,Multi-tiered motivating database
364,Ferrari,8428.53,Polarised multimedia circuit
365,Honda,9586.22,User-centric uniform array
366,Chevrolet,709.54,Synergistic zero tolerance migration
367,Porsche,6898.93,Function-based bi-directional open architecture
368,Toyota,316.55,Business-focused 4th generation utilisation
369,GMC,2966.34,Balanced methodical toolset
370,Audi,3068.63,Streamlined local leverage
371,Chevrolet,1377.15,Cross-platform executive challenge
372,Ford,8564.92,Centralized upward-trending emulation
373,Honda,5763.47,Cloned regional structure
374,Infiniti,4739.76,Profound modular algorithm
375,Buick,7058.27,Switchable value-added framework
376,Subaru,6021.03,Extended high-level knowledge base
377,Mercedes-Benz,3126.06,Realigned leading edge open system
378,Lincoln,1404.77,Multi-lateral well-modulated time-frame
379,GMC,5389.5,Up-sized cohesive service-desk
380,Buick,4660.13,Sharable intangible extranet
381,GMC,4951.45,Phased multi-state definition
382,Mazda,2658.65,Face to face real-time installation
383,Pontiac,8352.68,Operative system-worthy extranet
384,Maserati,2305.53,Integrated stable focus group
385,MINI,6612.85,Secured leading edge array
386,Acura,6725.62,Organized demand-driven knowledge user
387,Dodge,1558.55,Mandatory well-modulated encryption
388,BMW,7267.47,Proactive uniform leverage
389,Pontiac,6110.86,Team-oriented needs-based conglomeration
390,Nissan,3507.56,Reduced reciprocal circuit
391,Plymouth,6567.16,Extended optimal access
392,Mercedes-Benz,9735.22,Distributed discrete local area network
393,Saturn,9992.47,Robust asymmetric solution
394,Jaguar,9736.74,Organic asynchronous local area network
395,Dodge,2171.85,Managed 6th generation intranet
396,Land Rover,7882.1,Integrated object-oriented ability
397,Dodge,9041.55,Robust solution-oriented core
398,Mercedes-Benz,9394.55,Multi-lateral motivating access
399,Plymouth,2889.74,Centralized methodical secured line
400,Audi,4025.42,Switchable fresh-thinking strategy
401,Dodge,5212.8,Expanded fresh-thinking Graphical User Interface
402,Cadillac,136.55,Configurable scalable array
403,Ford,7400.22,Function-based tangible attitude
404,Oldsmobile,2259.24,Fundamental attitude-oriented knowledge base
405,Dodge,4060.97,Ameliorated logistical hub
406,Mercedes-Benz,8911.79,Extended clear-thinking task-force
407,Hyundai,2069.44,Sharable discrete orchestration
408,Chevrolet,2839.28,Centralized scalable flexibility
409,BMW,6405.29,Multi-lateral logistical methodology
410,Chrysler,4608.79,Vision-oriented contextually-based monitoring
411,Chevrolet,3892.22,Seamless system-worthy data-warehouse
412,Volvo,4900.24,Multi-tiered heuristic complexity
413,Cadillac,7122.31,Open-architected maximized encoding
414,Pontiac,9590.53,Team-oriented didactic functionalities
415,Mazda,4381.1,Seamless contextually-based installation
416,Mercedes-Benz,2694.94,Multi-lateral discrete time-frame
417,Pontiac,1615.19,Horizontal executive challenge
418,Ford,9199.7,Universal solution-oriented frame
419,Chevrolet,4083.04,Progressive grid-enabled secured line
420,Porsche,1791.98,Customizable multimedia time-frame
421,Oldsmobile,6350.33,Innovative static workforce
422,Saab,8311.03,Visionary client-server approach
423,Honda,1692.14,Managed stable superstructure
424,Lincoln,6884.38,Polarised solution-oriented open system
425,Saturn,7978.91,Horizontal local structure
426,Subaru,1216.82,Persevering non-volatile definition
427,BMW,6212.98,Reverse-engineered radical extranet
428,Chevrolet,2191.33,Quality-focused zero defect architecture
429,Pontiac,6373.87,Stand-alone static internet solution
430,Volkswagen,9146.64,Streamlined coherent instruction set
431,Lamborghini,857.29,Synergistic directional leverage
432,Acura,6694.94,Self-enabling secondary database
433,Mitsubishi,7683.29,Quality-focused global approach
434,Volkswagen,1448.97,Optimized bi-directional collaboration
435,Chevrolet,741.9,Synergistic impactful forecast
436,Mercedes-Benz,7865.33,Customer-focused tangible hierarchy
437,Suzuki,4858.75,Exclusive user-facing knowledge user
438,Volkswagen,8016.54,Versatile upward-trending collaboration
439,Pontiac,8568.9,Intuitive coherent help-desk
440,Lexus,4297.07,Object-based eco-centric leverage
441,Ford,6412.6,Down-sized system-worthy solution
442,Hyundai,2816.0,Face to face secondary application
443,Lexus,4013.84,Programmable solution-oriented intranet
444,Nissan,7830.05,Advanced dynamic orchestration
445,Mazda,9762.26,Seamless exuding function
446,Dodge,1951.66,Re-engineered asynchronous structure
447,Dodge,5648.53,Self-enabling 24/7 infrastructure
448,Ford,9784.54,Realigned 24/7 interface
449,Buick,5008.81,Persistent discrete workforce
450,Volkswagen,8549.58,Ergonomic fresh-thinking monitoring
451,Cadillac,8886.42,Synergistic local architecture
452,Subaru,2268.16,Configurable zero administration focus group
453,Kia,2240.29,Expanded web-enabled framework
454,Oldsmobile,3682.36,Programmable grid-enabled algorithm
455,Cadillac,1974.2,Expanded scalable monitoring
456,Honda,4400.78,Down-sized full-range moratorium
457,Ford,203.58,Ameliorated multi-state matrix
458,Ford,6080.87,Reactive optimal strategy
459,Mercedes-Benz,6849.46,Networked cohesive implementation
460,Ford,7980.51,Sharable clear-thinking help-desk
461,Jeep,9338.76,Programmable discrete data-warehouse
462,Kia,8232.36,Profit-focused context-sensitive productivity
463,Volvo,6040.96,Devolved exuding frame
464,BMW,5849.42,Persistent fresh-thinking support
465,Nissan,5331.3,Open-source human-resource utilisation
466,Mazda,4742.26,Triple-buffered impactful methodology
467,Infiniti,7978.06,Sharable multi-tasking installation
468,Volkswagen,6557.21,Ergonomic directional complexity
469,Plymouth,3952.39,Digitized 24/7 data-warehouse
470,Oldsmobile,8060.4,Inverse intangible strategy
471,Lexus,177.05,Upgradable 5th generation Graphic Interface
472,Mercury,4457.31,Networked even-keeled internet solution
473,Ford,1472.19,Devolved fault-tolerant structure
474,Honda,3594.29,Fully-configurable value-added encoding
475,Chevrolet,7666.22,Versatile context-sensitive software
476,Hyundai,6113.95,Decentralized solution-oriented paradigm
477,Cadillac,8587.55,Digitized discrete protocol
478,Mitsubishi,9621.24,Polarised global database
479,Buick,5508.55,Quality-focused fresh-thinking matrix
480,Chevrolet,4281.37,Cross-group 24/7 functionalities
481,Dodge,5185.87,Automated hybrid access
482,Dodge,4238.83,Optimized multimedia orchestration
483,Mercedes-Benz,3057.28,Stand-alone human-resource database
484,Isuzu,7096.54,Stand-alone uniform local area network
485,Buick,7493.15,Virtual homogeneous definition
486,Volkswagen,4665.54,Total 3rd generation secured line
487,Aston Martin,8392.32,Organic bottom-line capacity
488,Ford,7628.45,Optimized motivating matrices
489,Mercedes-Benz,4572.93,Re-contextualized solution-oriented conglomeration
490,Mitsubishi,4957.4,Secured 24 hour challenge
491,Buick,3042.51,User-centric exuding artificial intelligence
492,Hyundai,1408.32,Persevering modular customer loyalty
493,Porsche,5696.95,User-centric methodical forecast
494,Ford,1220.37,Total homogeneous array
495,GMC,3052.67,Operative fault-tolerant budgetary management
496,Nissan,737.76,Synergistic zero defect hardware
497,GMC,4659.39,Customer-focused dedicated function
498,Ford,8684.95,Profit-focused optimal access
499,Honda,8750.75,Advanced content-based strategy
500,Ford,9375.88,Centralized empowering Graphic Interface
501,Toyota,962.81,Multi-lateral empowering protocol
502,Mazda,3387.86,Cross-group leading edge analyzer
503,Ford,8875.56,Intuitive clear-thinking access
504,Mazda,8442.4,Profound holistic capacity
505,Ford,1605.58,Implemented motivating alliance
506,Audi,6841.31,Compatible asynchronous pricing structure
507,Porsche,6072.23,Right-sized value-added parallelism
508,Hyundai,6729.34,Advanced mobile functionalities
509,BMW,4527.98,Integrated eco-centric Graphical User Interface
510,BMW,5001.18,De-engineered neutral hierarchy
511,Mercedes-Benz,4266.43,Vision-oriented leading edge service-desk
512,Chevrolet,5361.38,Inverse contextually-based toolset
513,Ford,9693.73,Quality-focused fault-tolerant open system
514,Lincoln,3705.43,Public-key needs-based intranet
515,GMC,585.48,Stand-alone client-server process improvement
516,Jeep,4875.0,Optional systemic solution
517,Dodge,1053.91,Decentralized 24 hour monitoring
518,Lincoln,6412.72,Centralized systematic access
519,Nissan,7130.0,Innovative client-driven matrices
520,Chevrolet,6202.02,Total transitional data-warehouse
521,Plymouth,6629.12,Self-enabling attitude-oriented solution
522,Cadillac,8803.63,Persevering intermediate product
523,Volkswagen,8124.83,Fundamental context-sensitive model
524,Hyundai,6509.95,Public-key cohesive process improvement
525,Audi,1050.59,Horizontal high-level capability
526,Pontiac,8241.64,Horizontal uniform moderator
527,Mitsubishi,7007.04,Distributed composite application
528,Chevrolet,1251.4,Managed well-modulated pricing structure
529,Mitsubishi,7497.96,Synchronised asynchronous success
530,Mazda,9822.91,Robust human-resource model
531,Chevrolet,1801.38,Programmable responsive model
532,Mercedes-Benz,7952.51,Persistent discrete archive
533,Infiniti,5736.87,Realigned 6th generation migration
534,Buick,1803.8,Progressive directional array
535,Ford,3594.97,Distributed non-volatile software
536,Mercedes-Benz,8059.21,Extended 24 hour algorithm
537,Ferrari,7903.89,Quality-focused maximized circuit
538,Tesla,3994.69,Switchable zero tolerance project
539,Chevrolet,2823.53,Persevering fault-tolerant task-force
540,Land Rover,5663.02,Total interactive benchmark
541,Pontiac,1365.49,Multi-lateral dedicated open architecture
542,Toyota,271.3,De-engineered bifurcated product
543,Ford,4365.68,Exclusive coherent orchestration
544,Audi,4821.65,Persistent radical architecture
545,Ford,3897.75,Seamless interactive alliance
546,Acura,900.9,Customer-focused client-driven definition
547,Subaru,7834.31,Up-sized background hierarchy
548,Honda,9957.21,Enhanced real-time ability
549,Oldsmobile,8542.98,Object-based bifurcated superstructure
550,Chevrolet,4916.61,Stand-alone composite adapter
551,Nissan,1908.33,Sharable static orchestration
552,Buick,3738.38,Organic actuating hardware
553,Mercedes-Benz,4732.0,Balanced empowering collaboration
554,Cadillac,6982.7,Re-contextualized multimedia algorithm
555,Ford,5359.15,Monitored incremental knowledge base
556,Land Rover,5822.19,Phased mission-critical structure
557,Aston Martin,9003.67,Persistent uniform circuit
558,Nissan,713.55,Reverse-engineered non-volatile archive
559,Infiniti,7702.64,Cross-group secondary conglomeration
560,Chevrolet,489.97,Cross-group clear-thinking moratorium
561,Mazda,6956.11,Visionary intermediate software
562,Mazda,8835.17,Realigned 24/7 contingency
563,Isuzu,4096.66,Persevering zero administration customer loyalty
564,Toyota,4418.5,Sharable content-based adapter
565,Lincoln,2113.08,Configurable coherent parallelism
566,Kia,7313.61,Streamlined global customer loyalty
567,Oldsmobile,9351.69,Self-enabling client-server protocol
568,Mitsubishi,478.38,Multi-layered foreground encryption
569,Pontiac,8513.92,Optional radical challenge
570,Toyota,4372.52,Re-contextualized human-resource Graphical User Interface
571,Jeep,7487.78,Exclusive system-worthy firmware
572,Hyundai,9120.05,Seamless grid-enabled challenge
573,Mercury,8158.26,Assimilated static secured line
574,Lotus,8356.73,Multi-lateral object-oriented protocol
575,Ford,3137.46,Programmable bandwidth-monitored service-desk
576,Chevrolet,9261.22,Multi-tiered zero administration support
577,Peugeot,8641.22,Cross-platform solution-oriented knowledge user
578,Porsche,4652.04,Secured dynamic middleware
579,Toyota,6722.53,Digitized systemic workforce
580,BMW,6944.97,Seamless homogeneous orchestration
581,Hyundai,848.37,Switchable fault-tolerant service-desk
582,BMW,233.41,Innovative multimedia focus group
583,Kia,6558.23,Reactive 5th generation artificial intelligence
584,Volkswagen,8270.46,Profit-focused optimal pricing structure
585,GMC,1628.83,Organized static artificial intelligence
586,Eagle,7824.24,Enterprise-wide directional internet solution
587,Subaru,4938.49,Proactive foreground knowledge base
588,Dodge,2518.96,Persistent asymmetric hierarchy
589,GMC,8698.84,Open-source explicit toolset
590,Mitsubishi,4257.61,Synchronised tertiary time-frame
591,Kia,9277.18,Total maximized projection
592,BMW,2342.01,Optimized object-oriented model
593,Toyota,9746.28,Devolved non-volatile software
594,Buick,9573.48,Polarised explicit functionalities
595,Dodge,338.66,Customizable high-level Graphic Interface
596,BMW,955.33,Public-key bifurcated leverage
597,Jaguar,7663.38,Public-key discrete protocol
598,Ford,2970.47,Customizable human-resource flexibility
599,Volkswagen,1164.32,Operative incremental ability
600,Jeep,9585.79,Innovative client-driven service-desk
601,Isuzu,4692.64,Enhanced impactful budgetary management
602,Toyota,2740.39,Down-sized interactive hierarchy
603,Audi,6305.97,Sharable motivating task-force
604,Mercury,3527.64,Synchronised transitional leverage
605,Honda,103.2,Reduced radical moderator
606,Acura,9742.32,Cloned interactive budgetary management
607,Chrysler,4378.99,Managed interactive frame
608,Mercury,2066.38,Sharable secondary orchestration
609,Chrysler,8164.16,Stand-alone needs-based function
610,Buick,5589.9,Switchable motivating policy
611,Lincoln,5504.55,Stand-alone even-keeled utilisation
612,Audi,323.1,Customizable eco-centric open system
613,Mercury,1935.04,Compatible impactful productivity
614,Ford,7479.87,Open-architected hybrid knowledge base
615,Toyota,4695.74,Fully-configurable responsive artificial intelligence
616,Chevrolet,4613.3,Automated demand-driven knowledge base
617,Land Rover,7409.91,Object-based cohesive conglomeration
618,Saab,7853.76,Fully-configurable reciprocal open system
619,Acura,2467.14,Team-oriented value-added application
620,Chevrolet,3778.54,Devolved even-keeled functionalities
621,Toyota,4409.33,Right-sized multi-tasking open system
622,Infiniti,4670.82,Digitized incremental budgetary management
623,Chevrolet,9700.31,Seamless non-volatile instruction set
624,Cadillac,1329.46,Managed empowering structure
625,Chevrolet,8044.86,Multi-layered reciprocal function
626,Infiniti,8430.46,Front-line methodical conglomeration
627,MINI,6011.8,Front-line empowering access
628,BMW,8271.01,Mandatory secondary website
629,Plymouth,6578.67,Centralized asynchronous approach
630,Volkswagen,5148.25,Assimilated human-resource focus group
631,Mitsubishi,9461.08,Enterprise-wide heuristic forecast
632,Saab,4018.68,Realigned attitude-oriented ability
633,Bentley,3271.56,Inverse asymmetric solution
634,Audi,7147.02,Reverse-engineered disintermediate encoding
635,GMC,7955.17,Operative analyzing throughput
636,Chevrolet,7031.66,Progressive contextually-based function
637,BMW,7787.85,Versatile systematic hub
638,Ram,1285.55,Multi-channelled holistic Graphic Interface
639,Chevrolet,1175.68,Diverse tertiary toolset
640,GMC,9906.04,Progressive regional solution
641,Maserati,1282.23,Multi-tiered heuristic Graphical User Interface
642,Toyota,6488.25,Visionary fresh-thinking structure
643,Hyundai,4231.17,Mandatory 3rd generation core
644,Buick,9756.63,Persistent neutral installation
645,Cadillac,6218.12,Extended client-driven knowledge base
646,Toyota,533.98,Profound optimizing moderator
647,Saturn,3702.72,Focused hybrid knowledge user
648,Chevrolet,3582.12,Centralized stable framework
649,Aston Martin,7846.74,Organic bottom-line implementation
650,Cadillac,7915.18,Profound demand-driven array
651,Dodge,3479.96,Managed coherent approach
652,Chrysler,7950.76,Enhanced motivating support
653,Lotus,4359.79,Assimilated heuristic service-desk
654,Volvo,4711.32,Pre-emptive fresh-thinking portal
655,Buick,3574.92,User-centric web-enabled neural-net
656,Buick,9458.11,Realigned 5th generation superstructure
657,Ford,8775.56,Function-based multimedia structure
658,Hyundai,2168.69,Triple-buffered web-enabled pricing structure
659,Dodge,7810.78,Expanded context-sensitive synergy
660,Infiniti,7065.19,Balanced tangible service-desk
661,Land Rover,8961.14,Stand-alone holistic pricing structure
662,Lincoln,4179.47,Cloned maximized website
663,Mercedes-Benz,1257.68,Assimilated zero tolerance local area network
664,Ford,5579.75,Progressive regional info-mediaries
665,Maybach,875.99,Persistent optimal orchestration
666,Saturn,6349.17,Horizontal transitional adapter
667,Plymouth,2358.79,Reverse-engineered disintermediate infrastructure
668,Acura,8687.52,Organized solution-oriented function
669,Volkswagen,2382.72,Diverse heuristic time-frame
670,Cadillac,4707.26,Business-focused non-volatile parallelism
671,Jaguar,5140.41,Visionary client-server portal
672,Hyundai,7798.37,Reduced maximized knowledge user
673,Mercury,4051.65,Stand-alone zero administration functionalities
674,Toyota,9114.18,Organized client-driven standardization
675,Mercedes-Benz,3435.25,Open-architected tertiary neural-net
676,Infiniti,4953.29,User-friendly fresh-thinking solution
677,Volvo,9747.46,Object-based mobile application
678,Honda,1023.6,Balanced asynchronous parallelism
679,Scion,5606.07,Vision-oriented incremental definition
680,Maserati,536.95,Streamlined zero defect local area network
681,Suzuki,7097.85,Business-focused full-range support
682,GMC,6971.54,User-centric discrete frame
683,Lexus,2166.5,Cross-group directional budgetary management
684,Mitsubishi,151.59,Intuitive stable policy
685,Honda,4892.47,Seamless next generation help-desk
686,Pontiac,8050.63,Cross-group eco-centric local area network
687,Volkswagen,6134.94,Triple-buffered grid-enabled application
688,Maybach,1557.72,Streamlined dedicated workforce
689,Dodge,5979.81,Proactive high-level flexibility
690,Pontiac,1034.55,Innovative bifurcated throughput
691,Pontiac,1749.28,Seamless systematic encryption
692,Ford,4696.53,Compatible reciprocal functionalities
693,Audi,8170.33,Multi-tiered 24 hour core
694,Infiniti,8301.53,Operative grid-enabled intranet
695,Mercedes-Benz,2731.46,Centralized contextually-based benchmark
696,Plymouth,5237.6,Distributed 4th generation customer loyalty
697,Chrysler,524.76,Customer-focused radical system engine
698,Ford,4894.39,Decentralized systemic open system
699,Toyota,397.45,Triple-buffered exuding knowledge base
700,Honda,5438.36,Focused zero tolerance matrix
701,Mercury,7459.53,Open-source client-driven paradigm
702,Buick,2672.32,Streamlined exuding capability
703,Chrysler,7281.74,Cloned maximized toolset
704,Ram,3341.59,Self-enabling explicit portal
705,Honda,7277.33,Synergistic 4th generation adapter
706,Nissan,1540.66,Multi-lateral responsive ability
707,Chevrolet,4069.27,Triple-buffered responsive structure
708,Dodge,1039.59,Configurable needs-based orchestration
709,Toyota,5990.15,Upgradable demand-driven emulation
710,Kia,5530.09,Optional logistical flexibility
711,Ford,8075.48,Optimized regional attitude
712,Pontiac,9039.05,Monitored didactic support
713,Mercedes-Benz,4767.08,Organized stable access
714,Honda,4659.99,Configurable coherent monitoring
715,Saturn,5230.98,Down-sized intermediate task-force
716,Mazda,1422.79,Proactive tertiary project
717,Acura,4139.88,Synchronised context-sensitive migration
718,Plymouth,4088.88,Ergonomic multimedia utilisation
719,Infiniti,1510.61,Cloned well-modulated capacity
720,Mitsubishi,8118.5,Synergized coherent standardization
721,Pontiac,5857.85,Customizable static interface
722,Jeep,3814.33,Cross-platform multi-tasking toolset
723,Saab,7688.64,Fully-configurable system-worthy budgetary management
724,Toyota,4461.26,Synergistic non-volatile instruction set
725,Suzuki,530.02,Monitored fault-tolerant ability
726,Volvo,3431.21,Up-sized radical service-desk
727,Chevrolet,9879.67,Cross-platform user-facing portal
728,Ford,8935.41,Function-based homogeneous orchestration
729,Volkswagen,365.62,Open-source well-modulated frame
730,Toyota,8925.92,Exclusive executive utilisation
731,Dodge,6112.41,Cross-group responsive flexibility
732,Maserati,7174.42,Implemented asymmetric frame
733,Mazda,1283.34,Centralized bandwidth-monitored matrices
734,Dodge,3638.78,Team-oriented human-resource emulation
735,Hyundai,6244.5,Secured composite core
736,Lotus,2344.14,Cloned object-oriented hierarchy
737,Chevrolet,230.39,Versatile 5th generation moratorium
738,Toyota,5317.46,Grass-roots next generation knowledge base
739,Lexus,6229.45,Grass-roots full-range array
740,Chevrolet,7997.1,Intuitive dynamic matrices
741,Porsche,1742.72,Function-based optimizing middleware
742,Subaru,1032.75,User-friendly intermediate function
743,Dodge,5501.67,Streamlined regional software
744,Jeep,3681.11,Self-enabling 5th generation knowledge user
745,GMC,3839.81,Seamless local orchestration
746,Buick,3196.81,Horizontal bottom-line synergy
747,Volvo,9081.14,Devolved dedicated implementation
748,Lincoln,2726.74,Function-based hybrid architecture
749,Land Rover,6923.32,Team-oriented disintermediate customer loyalty
750,Mitsubishi,5883.46,Profit-focused mobile matrices
751,Volkswagen,4973.38,Optimized fault-tolerant project
752,Cadillac,6564.69,Robust asymmetric projection
753,Pontiac,7396.99,Mandatory responsive frame
754,Audi,4693.82,Sharable global knowledge base
755,Cadillac,7718.41,Synergistic optimal structure
756,Dodge,3772.15,Robust foreground artificial intelligence
757,Mercury,5245.05,Intuitive national pricing structure
758,Honda,3522.07,Integrated coherent system engine
759,Suzuki,4966.45,Expanded object-oriented forecast
760,Cadillac,1576.57,Diverse disintermediate strategy
761,BMW,2961.7,Fully-configurable foreground productivity
762,Jaguar,9768.35,Synchronised optimizing analyzer
763,Suzuki,5556.06,Front-line systemic challenge
764,Ford,432.6,Reactive foreground matrices
765,Pontiac,1976.33,Up-sized 24 hour info-mediaries
766,Isuzu,4990.46,Compatible explicit implementation
767,Infiniti,3659.21,Assimilated empowering flexibility
768,Pontiac,8826.13,Business-focused radical website
769,Dodge,6388.36,Versatile leading edge Graphical User Interface
770,Volkswagen,7300.32,De-engineered responsive local area network
771,Acura,1498.14,Devolved exuding local area network
772,Buick,4004.13,Programmable foreground matrices
773,Mercury,8935.4,Total web-enabled paradigm
774,Audi,2259.39,Cross-platform grid-enabled flexibility
775,Kia,5643.6,Reactive clear-thinking database
776,Honda,4194.93,Sharable content-based moderator
777,Pontiac,1406.4,Organic motivating middleware
778,Jeep,3945.58,Quality-focused encompassing algorithm
779,Subaru,7451.99,Configurable multi-state capacity
780,Mitsubishi,127.34,Seamless even-keeled knowledge user
781,Pontiac,4818.43,Devolved dynamic website
782,Nissan,7397.95,Assimilated local process improvement
783,Kia,918.32,Fundamental solution-oriented utilisation
784,Buick,9611.7,Customizable full-range matrices
785,Mercedes-Benz,4891.16,Cross-group solution-oriented framework
786,Volkswagen,9798.12,Ameliorated zero tolerance installation
787,Saab,9033.58,Profit-focused full-range portal
788,Dodge,1441.6,Reverse-engineered fresh-thinking info-mediaries
789,Acura,8676.71,Business-focused even-keeled model
790,Isuzu,5547.98,Vision-oriented heuristic collaboration
791,Rolls-Royce,5676.67,Versatile system-worthy complexity
792,Lotus,8799.86,Seamless discrete approach
793,Chrysler,2911.23,Integrated next generation customer loyalty
794,Chevrolet,3877.95,Secured discrete architecture
795,Lexus,5239.29,Progressive background encoding
796,Spyker,4849.28,Synchronised intermediate circuit
797,Ford,5124.77,Innovative incremental functionalities
798,Lincoln,658.79,Mandatory intangible matrix
799,Volkswagen,7823.73,Visionary bandwidth-monitored model
800,Acura,1944.87,Open-architected multi-state secured line
801,Saab,6608.5,Reactive bi-directional throughput
802,Ford,5951.56,Mandatory responsive functionalities
803,Ford,5461.84,Team-oriented bi-directional capacity
804,Chevrolet,9594.91,Cross-group zero tolerance superstructure
805,Toyota,996.04,Innovative optimizing analyzer
806,Mitsubishi,2516.97,Decentralized human-resource model
807,Toyota,8550.16,Optimized systematic encoding
808,Mitsubishi,3208.99,Sharable zero tolerance parallelism
809,Toyota,7617.09,Synergized eco-centric archive
810,Jeep,7505.3,Switchable user-facing info-mediaries
811,Mercury,6756.09,Multi-lateral bandwidth-monitored website
812,Chrysler,7724.97,Face to face attitude-oriented open system
813,Dodge,4580.2,Managed 4th generation budgetary management
814,Subaru,8709.92,Open-architected system-worthy support
815,BMW,2369.99,Proactive encompassing monitoring
816,Mercury,8062.46,Object-based optimizing alliance
817,Lexus,4136.48,Balanced multimedia application
818,Acura,5457.1,Expanded mobile conglomeration
819,GMC,5565.76,Down-sized composite framework
820,Suzuki,6487.51,Organic bi-directional concept
821,Pontiac,6970.13,Vision-oriented heuristic conglomeration
822,Volkswagen,4388.98,Cross-group intangible system engine
823,Pontiac,2740.2,Future-proofed responsive secured line
824,Mercedes-Benz,842.94,Progressive zero defect matrix
825,GMC,7084.85,Balanced needs-based interface
826,Chevrolet,9775.91,Networked intangible encryption
827,Dodge,9695.58,Total background portal
828,Honda,4890.23,Organic executive capacity
829,Ford,9844.94,Networked client-server projection
830,Buick,8091.83,Universal system-worthy function
831,BMW,3781.31,Quality-focused encompassing time-frame
832,Ford,6995.83,Centralized radical superstructure
833,Ford,638.53,Balanced neutral methodology
834,Kia,3040.07,Down-sized disintermediate time-frame
835,Toyota,5020.76,Stand-alone methodical groupware
836,Audi,694.39,Devolved attitude-oriented intranet
837,Chevrolet,7583.31,Front-line contextually-based approach
838,Chevrolet,2816.17,Multi-layered interactive success
839,Volkswagen,2843.44,Diverse scalable array
840,Ford,5852.4,Assimilated cohesive protocol
841,Pontiac,5708.97,Monitored needs-based open architecture
842,Pontiac,5498.53,Pre-emptive eco-centric moratorium
843,Chevrolet,320.99,Centralized leading edge complexity
844,Chevrolet,5221.4,Multi-lateral user-facing budgetary management
845,Jeep,5784.43,Mandatory neutral ability
846,Subaru,9340.24,Persistent bandwidth-monitored encryption
847,Dodge,3619.09,Polarised fault-tolerant capability
848,Volvo,1906.1,Re-engineered logistical archive
849,Acura,3010.8,Organized maximized synergy
850,Nissan,4627.53,Phased attitude-oriented adapter
851,BMW,6930.58,Realigned zero administration solution
852,Cadillac,3994.09,Quality-focused non-volatile secured line
853,Mitsubishi,7810.78,Triple-buffered encompassing access
854,Suzuki,3574.34,Persistent executive Graphical User Interface
855,GMC,7445.93,Optional discrete implementation
856,GMC,2338.79,Integrated heuristic standardization
857,Plymouth,3413.63,Down-sized executive moderator
858,Mercury,7070.16,Synergized content-based encoding
859,Volvo,3048.21,Operative dedicated architecture
860,Dodge,3353.97,Self-enabling dedicated attitude
861,Porsche,1246.43,Proactive 24 hour complexity
862,Kia,9022.58,Innovative cohesive firmware
863,Ford,4537.61,Versatile leading edge circuit
864,Mitsubishi,8822.26,Phased bandwidth-monitored capability
865,Mazda,4501.09,Future-proofed upward-trending info-mediaries
866,Chevrolet,9808.25,Innovative maximized function
867,Dodge,3359.07,Cross-group 24/7 definition
868,Mercury,1268.1,Customizable high-level model
869,MINI,388.45,Persevering local projection
870,Oldsmobile,8006.15,Virtual mission-critical monitoring
871,Suzuki,7650.18,Fundamental hybrid groupware
872,Isuzu,6251.95,Programmable client-driven extranet
873,Hyundai,6625.1,Polarised dedicated support
874,Ford,8269.73,Organized regional strategy
875,Toyota,1283.27,Synchronised global circuit
876,Mazda,2451.63,Phased homogeneous workforce
877,Kia,9751.94,Distributed bottom-line implementation
878,GMC,9928.61,Decentralized web-enabled focus group
879,Ford,9541.85,Visionary neutral attitude
880,Ford,2727.56,Future-proofed bi-directional pricing structure
881,Mercedes-Benz,4892.95,Future-proofed disintermediate leverage
882,Chevrolet,5179.8,Managed foreground collaboration
883,Eagle,6988.62,Seamless system-worthy pricing structure
884,Rolls-Royce,2898.99,Universal 24 hour core
885,Volvo,6011.73,Stand-alone executive firmware
886,Dodge,5857.6,Advanced zero defect process improvement
887,Scion,6237.33,Customizable dynamic knowledge user
888,Honda,3239.34,Optional 5th generation array
889,Ford,1006.42,Ameliorated well-modulated archive
890,Pontiac,8549.27,Polarised coherent monitoring
891,Mazda,6222.73,Multi-channelled methodical website
892,Scion,4292.6,Horizontal web-enabled strategy
893,Lexus,7628.27,Compatible user-facing functionalities
894,Honda,6279.86,Seamless needs-based help-desk
895,Pontiac,3483.03,Monitored actuating initiative
896,Isuzu,6411.7,Multi-layered global policy
897,Mitsubishi,8321.03,Adaptive reciprocal intranet
898,Toyota,9387.04,Programmable 24 hour info-mediaries
899,Porsche,7293.64,Integrated multimedia service-desk
900,Pontiac,6190.34,Function-based uniform definition
901,Volkswagen,7545.01,Proactive 24 hour policy
902,Mitsubishi,1165.8,Customer-focused 24/7 array
903,Hyundai,9469.9,Operative asymmetric project
904,Oldsmobile,8948.4,Grass-roots heuristic customer loyalty
905,Chrysler,7973.03,Persevering fresh-thinking throughput
906,Toyota,1188.34,Cloned 3rd generation parallelism
907,Audi,7824.3,Face to face multi-state protocol
908,Volkswagen,5399.28,Horizontal methodical solution
909,Mazda,4840.87,Optional next generation migration
910,Audi,6099.06,Proactive tertiary function
911,Cadillac,9155.0,Robust reciprocal implementation
912,Lincoln,497.82,Public-key eco-centric projection
913,Volvo,9474.16,Cross-group asymmetric hardware
914,Buick,2825.78,Focused reciprocal focus group
915,Jeep,4455.27,Right-sized systematic function
916,Chevrolet,7820.51,Pre-emptive global ability
917,Chevrolet,2709.43,Devolved bandwidth-monitored database
918,Subaru,863.19,Ergonomic asynchronous alliance
919,GMC,8787.11,Digitized zero tolerance synergy
920,Mazda,4703.42,Digitized mission-critical moderator
921,BMW,9261.28,Enhanced maximized system engine
922,Chevrolet,5591.27,Mandatory 5th generation software
923,Nissan,2039.61,Realigned foreground contingency
924,Scion,6216.15,Persevering static superstructure
925,Volkswagen,186.27,Programmable multi-state alliance
926,GMC,3395.51,Open-source responsive success
927,Honda,2276.12,Switchable leading edge intranet
928,Ford,5902.76,User-friendly foreground productivity
929,Chevrolet,6132.82,Versatile stable portal
930,Dodge,6996.19,Advanced multimedia monitoring
931,Mercedes-Benz,337.03,Virtual encompassing concept
932,Eagle,7706.08,Stand-alone client-server middleware
933,Ford,9108.62,Persevering cohesive challenge
934,Saab,9166.71,Profound mobile groupware
935,Toyota,4958.81,Total disintermediate customer loyalty
936,Subaru,2315.04,Right-sized maximized system engine
937,Mitsubishi,6062.0,Profit-focused homogeneous initiative
938,GMC,5955.91,Intuitive bottom-line ability
939,Mazda,6921.3,Horizontal logistical interface
940,Audi,569.51,Virtual foreground open system
941,Lexus,8650.1,Networked contextually-based alliance
942,Honda,7637.95,Inverse eco-centric project
943,Geo,2772.2,De-engineered grid-enabled monitoring
944,Land Rover,9228.13,Secured intermediate open system
945,Honda,2535.76,Secured clear-thinking moratorium
946,Mitsubishi,105.31,Upgradable leading edge array
947,Mazda,7068.43,Visionary fault-tolerant analyzer
948,Saturn,7618.31,Mandatory non-volatile protocol
949,Chrysler,2088.67,Enhanced fresh-thinking intranet
950,Pontiac,9017.34,Face to face heuristic migration
951,Audi,7665.89,Realigned fault-tolerant workforce
952,Acura,6241.95,Face to face needs-based open system
953,Volvo,8923.6,Profound stable function
954,Mazda,5237.69,Pre-emptive radical software
955,Ford,6704.29,Optimized client-driven access
956,Chevrolet,6709.75,Customer-focused reciprocal solution
957,Ford,6668.6,Up-sized didactic implementation
958,Mercedes-Benz,4417.62,Visionary 24/7 focus group
959,Land Rover,3064.28,Cross-group hybrid moratorium
960,BMW,9404.81,Object-based intermediate encryption
961,Kia,4429.27,Organized holistic model
962,Isuzu,4668.56,Automated disintermediate methodology
963,Ford,8705.58,Phased explicit definition
964,Mitsubishi,3422.22,Advanced asynchronous protocol
965,Chevrolet,3602.74,Decentralized interactive adapter
966,Bentley,2678.68,Optimized transitional success
967,Dodge,2157.85,Decentralized modular definition
968,Ford,8273.26,Secured fresh-thinking implementation
969,Chevrolet,7302.74,Integrated 5th generation access
970,Chevrolet,5298.3,Organic multimedia function
971,Toyota,7957.19,Ameliorated grid-enabled knowledge user
972,GMC,7287.3,Networked value-added groupware
973,Land Rover,8900.03,Balanced user-facing Graphical User Interface
974,Dodge,1540.59,Optimized regional concept
975,Mitsubishi,9865.44,Networked systematic pricing structure
976,Toyota,5014.56,Switchable transitional workforce
977,Mazda,123.1,Innovative grid-enabled moratorium
978,BMW,7309.77,Multi-channelled national capability
979,Ford,8296.86,Devolved static ability
980,Toyota,7354.02,Balanced upward-trending paradigm
981,Mazda,4657.68,Universal client-driven time-frame
982,GMC,2671.13,Customer-focused dedicated migration
983,Oldsmobile,6471.71,Ergonomic uniform synergy
984,Suzuki,8307.14,Compatible global collaboration
985,Buick,8011.69,Re-engineered leading edge implementation
986,BMW,3331.48,Re-engineered methodical Graphic Interface
987,Honda,5032.45,Triple-buffered even-keeled encoding
988,Scion,2682.8,Cross-group system-worthy orchestration
989,Lexus,659.44,Public-key web-enabled Graphical User Interface
990,Chevrolet,5131.39,Realigned zero defect budgetary management
991,Audi,8435.94,Cross-group multi-state service-desk
992,Chevrolet,2443.62,Public-key non-volatile workforce
993,Nissan,4543.13,Profound multi-state knowledge base
994,Lexus,1513.96,Organic executive extranet
995,Toyota,1219.17,Re-engineered local flexibility
996,Kia,5691.17,Triple-buffered tertiary complexity
997,Ford,134.29,Persevering directional system engine
998,Chevrolet,2869.95,Cross-group dynamic intranet
999,Cadillac,9804.0,Automated object-oriented encryption
1000,Spyker,6521.39,Object-based bifurcated paradigm
